{
    "articles": 
        [{
        "title": "How I Created My Portfolio Website: From Figma to Code",
        "tags": [
            "programming",
            "figma",
            "html",
            "css",
            "javascript"
        ],
        "text": "<p>Creating my portfolio website was an exciting journey of turning ideas into reality. I began by sketching the layout in Figma, starting with basic wireframes and refining them into a cohesive design. This step allowed me to visualize the structure, colors, and typography, ensuring everything was well-organized before coding.<br>Once the design was finalized, I moved to Visual Studio Code to build the site using HTML and CSS. My tutor guided me through the coding process, helping me understand how to implement responsive layouts and replicate the design's details in code. It was both challenging and rewarding to see my website come together step by step.</p><img src='./images/blog_images/preview_ss.png'><p>This project not only helped me create a professional portfolio but also strengthened my skills in design and development. Seeing my vision live online has been incredibly fulfilling!</p>",
        "images_href": [
            "desktop_ss.jpg",
            "figma_ss.png",
            "html_ss.png",
            "preview_ss.png"
        ],
        "hero_image": "desktop_ss.jpg",
        "date": "25/11/2024"
        },
		{
        "title": "This is my first blog post!",
        "tags": [
            "very",
            "first",
            "blog",
            "post"
        ],
        "text": "Creating my portfolio website was an exciting journey of turning ideas into reality. I began by sketching the layout in Figma, starting with basic wireframes and refining them into a cohesive design. This step allowed me to visualize the structure, colors, and typography, ensuring everything was well-organized before coding.<br>Once the design was finalized, I moved to Visual Studio Code to build the site using HTML and CSS. My tutor guided me through the coding process, helping me understand how to implement responsive layouts and replicate the design’s details in code. It was both challenging and rewarding to see my website come together step by step.<br>This project not only helped me create a professional portfolio but also strengthened my skills in design and development. Seeing my vision live online has been incredibly fulfilling!",
        "images_href": [
            "desktop_ss.jpg",
            "figma_ss.png",
            "html_ss.png",
            "preview_ss.png"
        ],
        "hero_image": "blog_placeholder.jpg",
        "date": "24/11/2024"
        }
    ]
}

